{
	"Version": 3,
	"Meta": {
		"Duration": 2.1,
		"Fps": 30.0,
		"Loop": true,
		"AreBeziersRestricted": true,
		"CurveCount": 20,
		"TotalSegmentCount": 94,
		"TotalPointCount": 208,
		"UserDataCount": 0,
		"TotalUserDataSize": 0
	},
	"Curves": [
		{
			"Target": "Parameter",
			"Id": "ParamAngleY",
			"Segments": [
				0,
				0,
				0,
				0.633,
				-2,
				0,
				1.1,
				0,
				0,
				1.6,
				-10,
				0,
				2.1,
				0
			]
		},
		{
			"Target": "Parameter",
			"Id": "ParamAngleZ",
			"Segments": [
				0,
				0,
				0,
				0.633,
				12,
				0,
				1.6,
				-7,
				0,
				2.1,
				0
			]
		},
		{
			"Target": "Parameter",
			"Id": "ParamBodyAngleY",
			"Segments": [
				0,
				0,
				0,
				0.633,
				-4,
				0,
				1.1,
				5,
				0,
				1.6,
				-2,
				0,
				2.1,
				0
			]
		},
		{
			"Target": "Parameter",
			"Id": "ParamBodyAngleZ",
			"Segments": [
				0,
				0,
				0,
				0.633,
				8,
				0,
				1.6,
				-10,
				0,
				2.1,
				0
			]
		},
		{
			"Target": "Parameter",
			"Id": "ParamBodyAngleZ2",
			"Segments": [
				0,
				0,
				0,
				0.1,
				0,
				0,
				0.633,
				-2.556,
				0,
				1.6,
				3.546,
				0,
				2.1,
				1.213
			]
		},
		{
			"Target": "Parameter",
			"Id": "ParamEyeLOpen",
			"Segments": [
				0,
				1,
				0,
				1.6,
				1,
				0,
				1.8,
				0,
				0,
				2.1,
				1
			]
		},
		{
			"Target": "Parameter",
			"Id": "ParamBreath",
			"Segments": [
				0,
				0,
				0,
				0.633,
				1,
				0,
				1.4,
				0,
				0,
				2.1,
				0
			]
		},
		{
			"Target": "Parameter",
			"Id": "ParamItem13",
			"Segments": [
				0,
				0,
				1,
				0.067,
				-0.104,
				0.133,
				0.754,
				0.2,
				0.7,
				1,
				0.256,
				0.641,
				0.311,
				-0.017,
				0.367,
				-0.224,
				1,
				0.489,
				-0.677,
				0.611,
				-1,
				0.733,
				-0.9,
				1,
				0.789,
				-0.788,
				0.844,
				-0.214,
				0.9,
				-0.123,
				1,
				1.011,
				0.068,
				1.122,
				0.515,
				1.233,
				0.506,
				1,
				1.278,
				0.514,
				1.322,
				0.466,
				1.367,
				0.408,
				1,
				1.411,
				0.348,
				1.456,
				0.288,
				1.5,
				0.169,
				1,
				1.544,
				0.06,
				1.589,
				-0.146,
				1.633,
				-0.324,
				1,
				1.689,
				-0.557,
				1.744,
				-0.672,
				1.8,
				-0.656,
				1,
				1.856,
				-0.638,
				1.911,
				-0.516,
				1.967,
				-0.39,
				1,
				2.011,
				-0.284,
				2.056,
				-0.058,
				2.1,
				0
			]
		},
		{
			"Target": "Parameter",
			"Id": "ParamItem14",
			"Segments": [
				0,
				0,
				1,
				0.022,
				0,
				0.044,
				-0.264,
				0.067,
				-0.264,
				1,
				0.156,
				-0.25,
				0.244,
				-0.017,
				0.333,
				-0.04,
				0,
				0.4,
				-0.046,
				1,
				0.456,
				-0.047,
				0.511,
				0.012,
				0.567,
				0.106,
				1,
				0.622,
				0.199,
				0.678,
				0.29,
				0.733,
				0.297,
				1,
				0.789,
				0.312,
				0.844,
				0.207,
				0.9,
				0.125,
				1,
				0.956,
				0.042,
				1.011,
				0.012,
				1.067,
				-0.021,
				1,
				1.178,
				-0.054,
				1.289,
				-0.224,
				1.4,
				-0.23,
				1,
				1.444,
				-0.227,
				1.489,
				-0.204,
				1.533,
				-0.195,
				1,
				1.578,
				-0.187,
				1.622,
				-0.194,
				1.667,
				-0.15,
				1,
				1.767,
				-0.061,
				1.867,
				0.396,
				1.967,
				0.426,
				1,
				2.011,
				0.453,
				2.056,
				0.102,
				2.1,
				0
			]
		},
		{
			"Target": "Parameter",
			"Id": "ParamItem17",
			"Segments": [
				0,
				0,
				1,
				0.067,
				0,
				0.133,
				0.5,
				0.2,
				0.5,
				1,
				0.378,
				0.5,
				0.556,
				0.055,
				0.733,
				-0.7,
				1,
				0.789,
				-0.936,
				0.844,
				-1,
				0.9,
				-1,
				1,
				1.056,
				-1,
				1.211,
				0.4,
				1.367,
				0.4,
				1,
				1.522,
				0.4,
				1.678,
				-0.5,
				1.833,
				-0.5,
				1,
				1.922,
				-0.5,
				2.011,
				0,
				2.1,
				0
			]
		},
		{
			"Target": "Parameter",
			"Id": "ParamItem18",
			"Segments": [
				0,
				0,
				1,
				0.033,
				0,
				0.067,
				-0.3,
				0.1,
				-0.3,
				1,
				0.189,
				-0.3,
				0.278,
				0.4,
				0.367,
				0.4,
				1,
				0.478,
				0.4,
				0.589,
				-0.6,
				0.7,
				-0.6,
				1,
				0.922,
				-0.6,
				1.144,
				-0.562,
				1.367,
				-0.3,
				1,
				1.456,
				-0.195,
				1.544,
				0.4,
				1.633,
				0.4,
				1,
				1.744,
				0.4,
				1.856,
				-0.6,
				1.967,
				-0.6,
				1,
				2.011,
				-0.6,
				2.056,
				0,
				2.1,
				0
			]
		},
		{
			"Target": "Parameter",
			"Id": "ParamItem",
			"Segments": [
				0,
				0.175,
				1,
				0.044,
				0.175,
				0.089,
				0.308,
				0.133,
				0.308,
				1,
				0.178,
				0.308,
				0.222,
				0.496,
				0.267,
				0.496,
				1,
				0.378,
				0.496,
				0.489,
				0.755,
				0.6,
				0.755,
				1,
				0.789,
				0.755,
				0.978,
				0.977,
				1.167,
				0.977,
				1,
				1.478,
				0.977,
				1.789,
				0.175,
				2.1,
				0.175
			]
		},
		{
			"Target": "Parameter",
			"Id": "ParamItem12",
			"Segments": [
				0,
				-0.398,
				1,
				0.089,
				-0.398,
				0.178,
				-0.431,
				0.267,
				-0.431,
				1,
				0.567,
				-0.431,
				0.867,
				0.692,
				1.167,
				0.7,
				1,
				1.478,
				0.708,
				1.789,
				-0.398,
				2.1,
				-0.398
			]
		},
		{
			"Target": "Parameter",
			"Id": "ParamItem21",
			"Segments": [
				0,
				0,
				1,
				0.389,
				0,
				0.778,
				0.6,
				1.167,
				0.6,
				1,
				1.478,
				0.6,
				1.789,
				0,
				2.1,
				0
			]
		},
		{
			"Target": "Parameter",
			"Id": "ParamItem22",
			"Segments": [
				0,
				0,
				1,
				0.411,
				0,
				0.822,
				-1,
				1.233,
				-1,
				1,
				1.522,
				-1,
				1.811,
				0,
				2.1,
				0
			]
		},
		{
			"Target": "Parameter",
			"Id": "ParamItem2",
			"Segments": [
				0,
				0,
				0,
				0.633,
				0.2,
				0,
				1.1,
				0,
				0,
				1.6,
				0.2,
				0,
				2.1,
				0
			]
		},
		{
			"Target": "Parameter",
			"Id": "ParamItem10",
			"Segments": [
				0,
				0,
				0,
				0.633,
				0.4,
				0,
				1.1,
				0.3,
				0,
				1.6,
				-0.5,
				0,
				2.1,
				0
			]
		},
		{
			"Target": "Parameter",
			"Id": "ParamItem3",
			"Segments": [
				0,
				0,
				0,
				0.633,
				-0.1,
				0,
				1.1,
				0,
				0,
				1.6,
				-0.3,
				0,
				2.1,
				0
			]
		},
		{
			"Target": "Parameter",
			"Id": "ParamItem11",
			"Segments": [
				0,
				0,
				0,
				0.633,
				-0.8,
				0,
				1.1,
				-0.1,
				0,
				1.6,
				-1,
				0,
				2.1,
				0
			]
		},
		{
			"Target": "Parameter",
			"Id": "ParamItem19",
			"Segments": [
				0,
				0,
				0,
				0.333,
				-0.9,
				0,
				0.833,
				0.7,
				0,
				1.233,
				0,
				0,
				1.267,
				0,
				0,
				1.8,
				-1,
				0,
				2.1,
				0
			]
		}
	]
}