{
	"Version": 3,
	"Meta": {
		"Duration": 1.667,
		"Fps": 30.0,
		"Loop": true,
		"AreBeziersRestricted": true,
		"CurveCount": 24,
		"TotalSegmentCount": 126,
		"TotalPointCount": 150,
		"UserDataCount": 0,
		"TotalUserDataSize": 0
	},
	"Curves": [
		{
			"Target": "Parameter",
			"Id": "ParamAngleY",
			"Segments": [
				0,
				0,
				0,
				0.5,
				-2,
				0,
				0.867,
				0,
				0,
				1.267,
				-10,
				0,
				1.667,
				0
			]
		},
		{
			"Target": "Parameter",
			"Id": "ParamAngleZ",
			"Segments": [
				0,
				0,
				0,
				0.5,
				12,
				0,
				1.267,
				-7,
				0,
				1.667,
				0
			]
		},
		{
			"Target": "Parameter",
			"Id": "ParamBodyAngleY",
			"Segments": [
				0,
				0,
				0,
				0.333,
				6,
				0,
				0.567,
				-4,
				0,
				0.733,
				-2,
				0,
				0.9,
				0,
				0,
				1.167,
				7,
				0,
				1.367,
				-5,
				0,
				1.667,
				0
			]
		},
		{
			"Target": "Parameter",
			"Id": "ParamEyeLOpen",
			"Segments": [
				0,
				1,
				0,
				1.267,
				1,
				0,
				1.433,
				0,
				0,
				1.667,
				1
			]
		},
		{
			"Target": "Parameter",
			"Id": "ParamBreath",
			"Segments": [
				0,
				0,
				0,
				0.5,
				1,
				0,
				1.1,
				0,
				0,
				1.667,
				0
			]
		},
		{
			"Target": "Parameter",
			"Id": "ParamItem13",
			"Segments": [
				0,
				0,
				0,
				0.133,
				0.7,
				0,
				0.267,
				-0.224,
				0,
				0.567,
				-0.9,
				0,
				0.7,
				-0.123,
				0,
				0.967,
				0.506,
				0,
				1.067,
				0.408,
				0,
				1.2,
				0.169,
				0,
				1.3,
				-0.324,
				0,
				1.433,
				-0.656,
				0,
				1.567,
				-0.39,
				0,
				1.667,
				0
			]
		},
		{
			"Target": "Parameter",
			"Id": "ParamItem14",
			"Segments": [
				0,
				0,
				0,
				0.033,
				-0.264,
				0,
				0.267,
				-0.04,
				0,
				0.3,
				-0.046,
				0,
				0.433,
				0.106,
				0,
				0.567,
				0.297,
				0,
				0.7,
				0.125,
				0,
				0.833,
				-0.021,
				0,
				1.1,
				-0.23,
				0,
				1.2,
				-0.195,
				0,
				1.333,
				-0.15,
				0,
				1.567,
				0.426,
				0,
				1.667,
				0
			]
		},
		{
			"Target": "Parameter",
			"Id": "ParamItem17",
			"Segments": [
				0,
				0,
				0,
				0.133,
				0.5,
				0,
				0.567,
				-0.7,
				0,
				0.7,
				-1,
				0,
				1.067,
				0.4,
				0,
				1.467,
				-0.5,
				0,
				1.667,
				0
			]
		},
		{
			"Target": "Parameter",
			"Id": "ParamItem18",
			"Segments": [
				0,
				0,
				0,
				0.067,
				-0.3,
				0,
				0.267,
				0.4,
				0,
				0.533,
				-0.6,
				0,
				1.067,
				-0.3,
				0,
				1.3,
				0.4,
				0,
				1.567,
				-0.6,
				0,
				1.667,
				0
			]
		},
		{
			"Target": "Parameter",
			"Id": "ParamItem",
			"Segments": [
				0,
				0.175,
				0,
				0.1,
				0.308,
				0,
				0.2,
				0.496,
				0,
				0.467,
				0.755,
				0,
				0.933,
				0.977,
				0,
				1.667,
				0.175
			]
		},
		{
			"Target": "Parameter",
			"Id": "ParamItem12",
			"Segments": [
				0,
				-0.398,
				0,
				0.2,
				-0.431,
				0,
				0.933,
				0.7,
				0,
				1.667,
				-0.398
			]
		},
		{
			"Target": "Parameter",
			"Id": "ParamItem21",
			"Segments": [
				0,
				0,
				0,
				0.933,
				0.6,
				0,
				1.667,
				0
			]
		},
		{
			"Target": "Parameter",
			"Id": "ParamItem22",
			"Segments": [
				0,
				0,
				0,
				0.867,
				-1,
				0,
				1.667,
				0
			]
		},
		{
			"Target": "Parameter",
			"Id": "ParamItem2",
			"Segments": [
				0,
				0.49,
				0,
				0.333,
				-0.3,
				0,
				1.3,
				1,
				0,
				1.667,
				0.49
			]
		},
		{
			"Target": "Parameter",
			"Id": "ParamItem10",
			"Segments": [
				0,
				0.49,
				0,
				0.267,
				-0.251,
				0,
				0.633,
				-1,
				0,
				1.3,
				0.964,
				0,
				1.433,
				1,
				0,
				1.667,
				0.49
			]
		},
		{
			"Target": "Parameter",
			"Id": "ParamItem3",
			"Segments": [
				0,
				-0.38,
				0,
				0.333,
				0.2,
				0,
				1.3,
				-1,
				0,
				1.667,
				-0.38
			]
		},
		{
			"Target": "Parameter",
			"Id": "ParamItem11",
			"Segments": [
				0,
				-0.38,
				0,
				0.267,
				0.159,
				0,
				0.633,
				-0.5,
				0,
				1.2,
				0.4,
				0,
				1.433,
				0.4,
				0,
				1.667,
				-0.38
			]
		},
		{
			"Target": "Parameter",
			"Id": "ParamItem19",
			"Segments": [
				0,
				0,
				0,
				0.3,
				-0.9,
				0,
				0.567,
				0.7,
				0,
				0.867,
				0,
				0,
				0.9,
				0,
				0,
				1.433,
				-1,
				0,
				1.667,
				0
			]
		},
		{
			"Target": "Parameter",
			"Id": "ParamItem6",
			"Segments": [
				0,
				1,
				0,
				0.233,
				1,
				0,
				0.433,
				-0.2,
				0,
				0.667,
				-0.3,
				0,
				0.9,
				-0.4,
				0,
				1.3,
				1,
				0,
				1.667,
				1
			]
		},
		{
			"Target": "Parameter",
			"Id": "ParamItem23",
			"Segments": [
				0,
				0,
				0,
				0.233,
				1,
				0,
				0.433,
				1,
				0,
				0.667,
				0.4,
				0,
				0.9,
				-0.4,
				0,
				1.3,
				-1,
				0,
				1.667,
				0
			]
		},
		{
			"Target": "Parameter",
			"Id": "ParamItem8",
			"Segments": [
				0,
				0,
				0,
				0.233,
				0.9,
				0,
				0.433,
				0,
				0,
				0.667,
				0,
				0,
				0.9,
				0,
				0,
				1.3,
				1,
				0,
				1.667,
				0
			]
		},
		{
			"Target": "Parameter",
			"Id": "ParamItem7",
			"Segments": [
				0,
				-0.6,
				0,
				0.233,
				0.1,
				0,
				0.433,
				1,
				0,
				0.667,
				1,
				0,
				0.9,
				1,
				0,
				1.3,
				-0.6,
				0,
				1.667,
				-0.6
			]
		},
		{
			"Target": "Parameter",
			"Id": "ParamItem24",
			"Segments": [
				0,
				-0.5,
				0,
				0.233,
				-1,
				0,
				0.433,
				-1,
				0,
				0.667,
				-0.7,
				0,
				0.9,
				0.116,
				0,
				1.3,
				0.9,
				0,
				1.667,
				-0.5
			]
		},
		{
			"Target": "Parameter",
			"Id": "ParamItem9",
			"Segments": [
				0,
				0,
				0,
				0.233,
				0,
				0,
				0.433,
				1,
				0,
				0.667,
				1,
				0,
				0.9,
				1,
				0,
				1.3,
				-1,
				0,
				1.667,
				0
			]
		}
	]
}